band,mean_value
B02,1775.6568508594428
B03,2005.1839814076818
B04,2019.3068534400186
B08,3896.9288255297465
B11,3715.8019018701584
B12,3031.8034686065525
